<?xml version="1.0" encoding="UTF-8"?>
<project-private xmlns="http://www.netbeans.org/ns/project-private/1">
    <editor-bookmarks xmlns="http://www.netbeans.org/ns/editor-bookmarks/2" lastBookmarkId="0"/>
    <open-files xmlns="http://www.netbeans.org/ns/projectui-open-files/2">
        <group>
            <file>file:/C:/Users/Isaac/Documents/GitHub/Software-Degin-RWU/AdvisorProject/src/majorCodes.java</file>
            <file>file:/C:/Users/Isaac/Documents/GitHub/Software-Degin-RWU/AdvisorProject/src/CurrentStudentGUI.java</file>
            <file>file:/C:/Users/Isaac/Documents/GitHub/Software-Degin-RWU/AdvisorProject/src/TemplateGUI.java</file>
            <file>file:/C:/Users/Isaac/Documents/GitHub/Software-Degin-RWU/AdvisorProject/src/NewStudentGUI.java</file>
            <file>file:/C:/Users/Isaac/Documents/GitHub/Software-Degin-RWU/AdvisorProject/src/ChangeMajor.java</file>
            <file>file:/C:/Users/Isaac/Documents/GitHub/Software-Degin-RWU/AdvisorProject/src/HomeGUI.java</file>
        </group>
    </open-files>
</project-private>
